Variant Number,Card Name,Set,Set Prefix,Rarity,Variant Type,Variant Label,Foil,Quantity,Language,Condition,Grading Company,Grading Value,Grading Label,Notes
OGN-001,Blazing Scorcher,Origins,OGN,Common,Standard,Standard,true,6,English,,,,,
OGN-002,Brazen Buccaneer,Origins,OGN,Common,Standard,Standard,false,6,English,,,,,
OGN-003,Chemtech Enforcer,Origins,OGN,Common,Standard,Standard,false,10,English,,,,,
OGN-004,Cleave,Origins,OGN,Common,Standard,Standard,false,6,English,,,,,
OGN-005,Disintegrate,Origins,OGN,Common,Standard,Standard,false,5,English,,,,,
OGN-006,Flame Chompers,Origins,OGN,Common,Standard,Standard,false,9,English,,,,,
OGN-008,Get Excited!,Origins,OGN,Common,Standard,Standard,true,5,English,,,,,
OGN-009,Hextech Ray,Origins,OGN,Common,Standard,Standard,false,3,English,,,,,
OGN-010,Legion Rearguard,Origins,OGN,Common,Standard,Standard,true,7,English,,,,,
OGN-011,Magma Wurm,Origins,OGN,Common,Standard,Standard,false,6,English,,,,,
OGN-012,Noxus Hopeful,Origins,OGN,Common,Standard,Standard,false,6,English,,,,,
OGN-013,Pouty Poro,Origins,OGN,Common,Standard,Standard,false,5,English,,,,,
OGN-014,Sky Splitter,Origins,OGN,Common,Standard,Standard,true,4,English,,,,,
OGN-015,Captain Farron,Origins,OGN,Uncommon,Standard,Standard,false,2,English,,,,,
OGN-016,Dangerous Duo,Origins,OGN,Uncommon,Standard,Standard,false,4,English,,,,,
OGN-017,Iron Ballista,Origins,OGN,Uncommon,Standard,Standard,false,3,English,,,,,
OGN-018,Noxus Saboteur,Origins,OGN,Uncommon,Standard,Standard,false,3,English,,,,,
OGN-019,Raging Soul,Origins,OGN,Uncommon,Standard,Standard,false,5,English,,,,,
OGN-021,Sun Disc,Origins,OGN,Uncommon,Standard,Standard,true,3,English,,,,,
OGN-022,Thermo Beam,Origins,OGN,Uncommon,Standard,Standard,true,3,English,,,,,
OGN-023,Unlicensed Armory,Origins,OGN,Uncommon,Standard,Standard,false,3,English,,,,,
OGN-024,Void Seeker,Origins,OGN,Uncommon,Standard,Standard,true,2,English,,,,,
OGN-043,Charm,Origins,OGN,Common,Standard,Standard,true,8,English,,,,,
OGN-044,Clockwork Keeper,Origins,OGN,Common,Standard,Standard,false,6,English,,,,,
OGN-045,Defy,Origins,OGN,Common,Standard,Standard,false,6,English,,,,,
OGN-046,En Garde,Origins,OGN,Common,Standard,Standard,true,10,English,,,,,
OGN-047,Find Your Center,Origins,OGN,Common,Standard,Standard,true,8,English,,,,,
OGN-048,Meditation,Origins,OGN,Common,Standard,Standard,false,7,English,,,,,
OGN-049,Playful Phantom,Origins,OGN,Common,Standard,Standard,false,3,English,,,,,
OGN-050,Rune Prison,Origins,OGN,Common,Standard,Standard,false,4,English,,,,,
OGN-051,Solari Shieldbearer,Origins,OGN,Common,Standard,Standard,false,2,English,,,,,
OGN-052,Stalwart Poro,Origins,OGN,Common,Standard,Standard,false,13,English,,,,,
OGN-053,Stand United,Origins,OGN,Common,Standard,Standard,false,5,English,,,,,
OGN-054,Sunlit Guardian,Origins,OGN,Common,Standard,Standard,false,5,English,,,,,
OGN-055,Wielder of Water,Origins,OGN,Common,Standard,Standard,false,8,English,,,,,
OGN-056,Adaptatron,Origins,OGN,Uncommon,Standard,Standard,false,4,English,,,,,
OGN-057,Block,Origins,OGN,Uncommon,Standard,Standard,true,3,English,,,,,
OGN-058,Discipline,Origins,OGN,Uncommon,Standard,Standard,false,9,English,,,,,
OGN-059,Eclipse Herald,Origins,OGN,Uncommon,Standard,Standard,false,2,English,,,,,
OGN-060,Mask of Foresight,Origins,OGN,Uncommon,Standard,Standard,false,3,English,,,,,
OGN-062,Reinforce,Origins,OGN,Uncommon,Standard,Standard,false,2,English,,,,,
OGN-063,Spirit's Refuge,Origins,OGN,Uncommon,Standard,Standard,false,2,English,,,,,
OGN-064,Wind Wall,Origins,OGN,Uncommon,Standard,Standard,false,4,English,,,,,
OGN-065,Wizened Elder,Origins,OGN,Uncommon,Standard,Standard,true,5,English,,,,,
OGN-083,Consult the Past,Origins,OGN,Common,Standard,Standard,true,6,English,,,,,
OGN-084,Eager Apprentice,Origins,OGN,Common,Standard,Standard,false,9,English,,,,,
OGN-085,Falling Comet,Origins,OGN,Common,Standard,Standard,true,5,English,,,,,
OGN-086,Jeweled Colossus,Origins,OGN,Common,Standard,Standard,false,5,English,,,,,
OGN-087,Lecturing Yordle,Origins,OGN,Common,Standard,Standard,false,8,English,,,,,
OGN-088,Mega-Mech,Origins,OGN,Common,Standard,Standard,false,5,English,,,,,
OGN-090,Orb of Regret,Origins,OGN,Common,Standard,Standard,false,10,English,,,,,
OGN-091,Pit Crew,Origins,OGN,Common,Standard,Standard,false,3,English,,,,,
OGN-092,Riptide Rex,Origins,OGN,Common,Standard,Standard,true,5,English,,,,,
OGN-093,Smoke Screen,Origins,OGN,Common,Standard,Standard,false,7,English,,,,,
OGN-094,Sprite Call,Origins,OGN,Common,Standard,Standard,false,6,English,,,,,
OGN-095,Stupefy,Origins,OGN,Common,Standard,Standard,false,10,English,,,,,
OGN-096,Watchful Sentry,Origins,OGN,Common,Standard,Standard,false,7,English,,,,,
OGN-097,Blastcone Fae,Origins,OGN,Uncommon,Standard,Standard,false,2,English,,,,,
OGN-098,Energy Conduit,Origins,OGN,Uncommon,Standard,Standard,false,1,English,,,,,
OGN-099,Garbage Grabber,Origins,OGN,Uncommon,Standard,Standard,true,2,English,,,,,
OGN-100,Gemcraft Seer,Origins,OGN,Uncommon,Standard,Standard,false,3,English,,,,,
OGN-101,Mushroom Pouch,Origins,OGN,Uncommon,Standard,Standard,false,2,English,,,,,
OGN-102,Portal Rescue,Origins,OGN,Uncommon,Standard,Standard,false,1,English,,,,,
OGN-103,Ravenbloom Student,Origins,OGN,Uncommon,Standard,Standard,false,11,English,,,,,
OGN-104,Retreat,Origins,OGN,Uncommon,Standard,Standard,false,4,English,,,,,
OGN-105,Singularity,Origins,OGN,Uncommon,Standard,Standard,false,7,English,,,,,
OGN-106,Sprite Mother,Origins,OGN,Uncommon,Standard,Standard,true,6,English,,,,,
OGN-124,Arena Bar,Origins,OGN,Common,Standard,Standard,true,3,English,,,,,
OGN-125,Bilgewater Bully,Origins,OGN,Common,Standard,Standard,false,5,English,,,,,
OGN-127,Cannon Barrage,Origins,OGN,Common,Standard,Standard,true,7,English,,,,,
OGN-128,Challenge,Origins,OGN,Common,Standard,Standard,false,6,English,,,,,
OGN-129,Confront,Origins,OGN,Common,Standard,Standard,false,9,English,,,,,
OGN-130,Crackshot Corsair,Origins,OGN,Common,Standard,Standard,false,5,English,,,,,
OGN-131,Dune Drake,Origins,OGN,Common,Standard,Standard,false,4,English,,,,,
OGN-132,First Mate,Origins,OGN,Common,Standard,Standard,false,11,English,,,,,
OGN-133,Flurry of Blades,Origins,OGN,Common,Standard,Standard,true,3,English,,,,,
OGN-134,Mobilize,Origins,OGN,Common,Standard,Standard,false,7,English,,,,,
OGN-135,Pakaa Cub,Origins,OGN,Common,Standard,Standard,false,7,English,,,,,
OGN-136,Pit Rookie,Origins,OGN,Common,Standard,Standard,true,10,English,,,,,
OGN-137,Stormclaw Ursine,Origins,OGN,Common,Standard,Standard,false,5,English,,,,,
OGN-138,Catalyst of Aeons,Origins,OGN,Uncommon,Standard,Standard,false,1,English,,,,,
OGN-139,Cithria of Cloudfield,Origins,OGN,Uncommon,Standard,Standard,false,3,English,,,,,
OGN-140,Herald of Scales,Origins,OGN,Uncommon,Standard,Standard,false,1,English,,,,,
OGN-141,Kinkou Monk,Origins,OGN,Uncommon,Standard,Standard,false,2,English,,,,,
OGN-143,Pirate's Haven,Origins,OGN,Uncommon,Standard,Standard,false,1,English,,,,,
OGN-144,Spoils of War,Origins,OGN,Uncommon,Standard,Standard,false,2,English,,,,,
OGN-145,Unyielding Spirit,Origins,OGN,Uncommon,Standard,Standard,false,2,English,,,,,
OGN-146,Wallop,Origins,OGN,Uncommon,Standard,Standard,false,3,English,,,,,
OGN-147,Wildclaw Shaman,Origins,OGN,Uncommon,Standard,Standard,true,6,English,,,,,
OGN-165,Cemetery Attendant,Origins,OGN,Common,Standard,Standard,false,9,English,,,,,
OGN-167,Ember Monk,Origins,OGN,Common,Standard,Standard,false,4,English,,,,,
OGN-168,Fight or Flight,Origins,OGN,Common,Standard,Standard,false,9,English,,,,,
OGN-169,Gust,Origins,OGN,Common,Standard,Standard,false,9,English,,,,,
OGN-170,Morbid Return,Origins,OGN,Common,Standard,Standard,false,7,English,,,,,
OGN-171,Mystic Poro,Origins,OGN,Common,Standard,Standard,true,5,English,,,,,
OGN-172,Rebuke,Origins,OGN,Common,Standard,Standard,false,3,English,,,,,
OGN-173,Ride the Wind,Origins,OGN,Common,Standard,Standard,false,3,English,,,,,
OGN-174,Sai Scout,Origins,OGN,Common,Standard,Standard,true,5,English,,,,,
OGN-175,Shipyard Skulker,Origins,OGN,Common,Standard,Standard,false,7,English,,,,,
OGN-176,Sneaky Deckhand,Origins,OGN,Common,Standard,Standard,true,2,English,,,,,
OGN-177,Stealthy Pursuer,Origins,OGN,Common,Standard,Standard,false,5,English,,,,,
OGN-178,Undercover Agent,Origins,OGN,Common,Standard,Standard,false,4,English,,,,,
OGN-179,Acceptable Losses,Origins,OGN,Uncommon,Standard,Standard,false,2,English,,,,,
OGN-180,Fading Memories,Origins,OGN,Uncommon,Standard,Standard,false,4,English,,,,,
OGN-181,Pack of Wonders,Origins,OGN,Uncommon,Standard,Standard,false,2,English,,,,,
OGN-182,Scrapheap,Origins,OGN,Uncommon,Standard,Standard,false,6,English,,,,,
OGN-183,Stacked Deck,Origins,OGN,Uncommon,Standard,Standard,false,3,English,,,,,
OGN-184,The Syren,Origins,OGN,Uncommon,Standard,Standard,false,2,English,,,,,
OGN-185,Traveling Merchant,Origins,OGN,Uncommon,Standard,Standard,false,7,English,,,,,
OGN-186,Treasure Trove,Origins,OGN,Uncommon,Standard,Standard,false,3,English,,,,,
OGN-187,Whirlwind,Origins,OGN,Uncommon,Standard,Standard,true,4,English,,,,,
OGN-188,Zaunite Bouncer,Origins,OGN,Uncommon,Standard,Standard,true,2,English,,,,,
OGN-206,Back to Back,Origins,OGN,Common,Standard,Standard,false,7,English,,,,,
OGN-207,Call to Glory,Origins,OGN,Common,Standard,Standard,false,3,English,,,,,
OGN-208,Cruel Patron,Origins,OGN,Common,Standard,Standard,false,7,English,,,,,
OGN-209,Cull the Weak,Origins,OGN,Common,Standard,Standard,false,7,English,,,,,
OGN-210,Daring Poro,Origins,OGN,Common,Standard,Standard,false,9,English,,,,,
OGN-211,Faithful Manufactor,Origins,OGN,Common,Standard,Standard,false,7,English,,,,,
OGN-212,Forge of the Future,Origins,OGN,Common,Standard,Standard,true,6,English,,,,,
OGN-213,Hidden Blade,Origins,OGN,Common,Standard,Standard,false,5,English,,,,,
OGN-215,Petty Officer,Origins,OGN,Common,Standard,Standard,false,3,English,,,,,
OGN-216,Soaring Scout,Origins,OGN,Common,Standard,Standard,false,11,English,,,,,
OGN-217,Trifarian Gloryseeker,Origins,OGN,Common,Standard,Standard,true,9,English,,,,,
OGN-218,Vanguard Captain,Origins,OGN,Common,Standard,Standard,true,6,English,,,,,
OGN-219,Vanguard Sergeant,Origins,OGN,Common,Standard,Standard,false,5,English,,,,,
OGN-220,Facebreaker,Origins,OGN,Uncommon,Standard,Standard,true,4,English,,,,,
OGN-221,Imperial Decree,Origins,OGN,Uncommon,Standard,Standard,false,3,English,,,,,
OGN-222,Noxian Drummer,Origins,OGN,Uncommon,Standard,Standard,false,6,English,,,,,
OGN-223,Peak Guardian,Origins,OGN,Uncommon,Standard,Standard,false,3,English,,,,,
OGN-224,Salvage,Origins,OGN,Uncommon,Standard,Standard,true,3,English,,,,,
OGN-226,Spectral Matron,Origins,OGN,Uncommon,Standard,Standard,false,3,English,,,,,
OGN-227,Symbol of the Solari,Origins,OGN,Uncommon,Standard,Standard,false,2,English,,,,,
OGN-228,Vanguard Helm,Origins,OGN,Uncommon,Standard,Standard,false,2,English,,,,,
OGN-229,Vengeance,Origins,OGN,Uncommon,Standard,Standard,false,3,English,,,,,
OGN-275,Altar to Unity,Origins,OGN,Uncommon,Standard,Standard,false,1,English,,,,,
OGN-276,Aspirant's Climb,Origins,OGN,Uncommon,Standard,Standard,false,1,English,,,,,
OGN-277,Back-Alley Bar,Origins,OGN,Uncommon,Standard,Standard,false,1,English,,,,,
OGN-278,Bandle Tree,Origins,OGN,Uncommon,Standard,Standard,false,1,English,,,,,
OGN-279,Fortified Position,Origins,OGN,Uncommon,Standard,Standard,false,1,English,,,,,
OGN-280,Grove of the God-Willow,Origins,OGN,Uncommon,Standard,Standard,false,2,English,,,,,
OGN-281,Hallowed Tomb,Origins,OGN,Uncommon,Standard,Standard,false,2,English,,,,,
OGN-282,Monastery of Hirana,Origins,OGN,Uncommon,Standard,Standard,false,3,English,,,,,
OGN-283,Navori Fighting Pit,Origins,OGN,Uncommon,Standard,Standard,false,1,English,,,,,
OGN-284,Obelisk of Power,Origins,OGN,Uncommon,Standard,Standard,false,1,English,,,,,
OGN-285,Reaver's Row,Origins,OGN,Uncommon,Standard,Standard,false,2,English,,,,,
OGN-287,Sigil of the Storm,Origins,OGN,Uncommon,Standard,Standard,false,2,English,,,,,
OGN-288,Startipped Peak,Origins,OGN,Uncommon,Standard,Standard,false,1,English,,,,,
OGN-289,Targon's Peak,Origins,OGN,Uncommon,Standard,Standard,false,3,English,,,,,
OGN-290,The Arena's Greatest,Origins,OGN,Uncommon,Standard,Standard,false,2,English,,,,,
OGN-291,The Candlelit Sanctum,Origins,OGN,Uncommon,Standard,Standard,false,2,English,,,,,
OGN-292,The Dreaming Tree,Origins,OGN,Uncommon,Standard,Standard,false,1,English,,,,,
OGN-293,The Grand Plaza,Origins,OGN,Uncommon,Standard,,false,3,English,,,,,
OGN-294,Trifarian War Camp,Origins,OGN,Uncommon,Standard,Standard,false,3,English,,,,,
OGN-295,Vilemaw's Lair,Origins,OGN,Uncommon,Standard,Standard,false,2,English,,,,,
OGN-296,Void Gate,Origins,OGN,Uncommon,Standard,Standard,false,1,English,,,,,
OGN-298,Zaun Warrens,Origins,OGN,Uncommon,Standard,Standard,false,2,English,,,,,
SFD-002,Armed Assailant,Spiritforged,SFD,Common,Standard,Standard,false,1,English,,,,,
SFD-003,Blood Rush,Spiritforged,SFD,Common,Standard,Standard,false,1,English,,,,,
SFD-004,Bushwhack,Spiritforged,SFD,Common,Standard,Standard,false,2,English,,,,,
SFD-005,Detonate,Spiritforged,SFD,Common,Standard,Standard,false,1,English,,,,,
SFD-007,Gem Jammer,Spiritforged,SFD,Common,Standard,Standard,false,1,English,,,,,
SFD-008,Sentinel Adept,Spiritforged,SFD,Common,Standard,Standard,false,1,English,,,,,
SFD-009,Serrated Dirk,Spiritforged,SFD,Common,Standard,Standard,true,1,English,,,,,
SFD-010,Void Drone,Spiritforged,SFD,Common,Standard,Standard,false,1,English,,,,,
SFD-013,Blast Corps Cadet,Spiritforged,SFD,Uncommon,Standard,Standard,false,1,English,,,,,
SFD-014,Minotaur Reckoner,Spiritforged,SFD,Uncommon,Standard,Standard,false,2,English,,,,,
SFD-016,Recurve Bow,Spiritforged,SFD,Uncommon,Standard,Standard,false,1,English,,,,,
SFD-017,Sudden Storm,Spiritforged,SFD,Uncommon,Standard,Standard,false,1,English,,,,,
SFD-018,Void Hatchling,Spiritforged,SFD,Uncommon,Standard,Standard,false,1,English,,,,,
SFD-031,Desert's Call,Spiritforged,SFD,Common,Standard,Standard,false,2,English,,,,,
SFD-034,Feral Strength,Spiritforged,SFD,Common,Standard,Standard,false,3,English,,,,,
SFD-035,Guardian of the Passage,Spiritforged,SFD,Common,Standard,Standard,false,1,English,,,,,
SFD-036,Lonely Poro,Spiritforged,SFD,Common,Standard,Standard,false,3,English,,,,,
SFD-038,Ribbon Dancer,Spiritforged,SFD,Common,Standard,Standard,false,3,English,,,,,
SFD-039,Royal Entourage,Spiritforged,SFD,Common,Standard,Standard,false,2,English,,,,,
SFD-040,Thwonk!,Spiritforged,SFD,Common,Standard,Standard,false,1,English,,,,,
SFD-041,Apprentice Smith,Spiritforged,SFD,Uncommon,Standard,Standard,false,1,English,,,,,
SFD-042,Brutalizer,Spiritforged,SFD,Uncommon,Standard,Standard,false,1,English,,,,,
SFD-043,Emperor's Divide,Spiritforged,SFD,Uncommon,Standard,Standard,false,3,English,,,,,
SFD-045,Not So Fast,Spiritforged,SFD,Uncommon,Standard,Standard,false,5,English,,,,,
SFD-046,Poro Snax,Spiritforged,SFD,Uncommon,Standard,Standard,false,1,English,,,,,
SFD-047,Simian Ancestor,Spiritforged,SFD,Uncommon,Standard,Standard,false,1,English,,,,,
SFD-048,Stellacorn Herder,Spiritforged,SFD,Uncommon,Standard,Standard,false,4,English,,,,,
SFD-062,Bubble Bot,Spiritforged,SFD,Common,Standard,Standard,false,2,English,,,,,
SFD-063,Chemtech Cask,Spiritforged,SFD,Common,Standard,Standard,false,1,English,,,,,
SFD-064,Cloth Armor,Spiritforged,SFD,Common,Standard,Standard,false,1,English,,,,,
SFD-065,Forecaster,Spiritforged,SFD,Common,Standard,Standard,false,2,English,,,,,
SFD-066,Frigid Touch,Spiritforged,SFD,Common,Standard,Standard,false,1,English,,,,,
SFD-067,Frostcoat Cub,Spiritforged,SFD,Common,Standard,Standard,false,1,English,,,,,
SFD-068,Gearhead,Spiritforged,SFD,Common,Standard,Standard,false,1,English,,,,,
SFD-069,Plundering Poro,Spiritforged,SFD,Common,Standard,Standard,false,2,English,,,,,
SFD-070,Wages of Pain,Spiritforged,SFD,Common,Standard,Standard,false,3,English,,,,,
SFD-074,Pickpocket,Spiritforged,SFD,Uncommon,Standard,Standard,false,4,English,,,,,
SFD-076,Production Surge,Spiritforged,SFD,Uncommon,Standard,Standard,false,1,English,,,,,
SFD-077,Rocket Barrage,Spiritforged,SFD,Uncommon,Standard,Standard,false,2,English,,,,,
SFD-091,Buhru Captain,Spiritforged,SFD,Common,Standard,Standard,false,2,English,,,,,
SFD-092,Combat Chef,Spiritforged,SFD,Common,Standard,Standard,false,1,English,,,,,
SFD-093,Dauntless Vanguard,Spiritforged,SFD,Common,Standard,Standard,false,1,English,,,,,
SFD-095,Doran's Blade,Spiritforged,SFD,Common,Standard,Standard,false,3,English,,,,,
SFD-098,Sea Monkey,Spiritforged,SFD,Common,Standard,Standard,false,1,English,,,,,
SFD-099,Veteran poro,Spiritforged,SFD,Common,Standard,Standard,false,1,English,,,,,
SFD-100,Yordle Explorer,Spiritforged,SFD,Common,Standard,Standard,false,1,English,,,,,
SFD-101,Fae Dragon,Spiritforged,SFD,Uncommon,Standard,Standard,false,1,English,,,,,
SFD-103,Jaull-Fish,Spiritforged,SFD,Uncommon,Standard,Standard,false,1,English,,,,,
SFD-105,Ruin Runner,Spiritforged,SFD,Uncommon,Standard,Standard,false,1,English,,,,,
SFD-106,Show of Strength,Spiritforged,SFD,Uncommon,Standard,Standard,true,1,English,,,,,
SFD-107,Strike Down,Spiritforged,SFD,Uncommon,Standard,Standard,false,1,English,,,,,
SFD-108,Warmog's Armor,Spiritforged,SFD,Uncommon,Standard,Standard,false,1,English,,,,,
SFD-122,Called Shot,Spiritforged,SFD,Common,Standard,Standard,false,3,English,,,,,
SFD-123,Corrupt Enforcer,Spiritforged,SFD,Common,Standard,Standard,false,2,English,,,,,
SFD-124,Doran's Ring,Spiritforged,SFD,Common,Standard,Standard,true,1,English,,,,,
SFD-125,Fae Porter,Spiritforged,SFD,Common,Standard,Standard,false,1,English,,,,,
SFD-127,Master Bingwen,Spiritforged,SFD,Common,Standard,Standard,false,4,English,,,,,
SFD-128,Overzealous Fan,Spiritforged,SFD,Common,Standard,Standard,false,1,English,,,,,
SFD-129,Temptation,Spiritforged,SFD,Common,Standard,Standard,false,1,English,,,,,
SFD-130,Treasure Hunter,Spiritforged,SFD,Common,Standard,Standard,false,3,English,,,,,
SFD-132,Beast Below,Spiritforged,SFD,Uncommon,Standard,Standard,false,1,English,,,,,
SFD-133,Boots of Swiftness,Spiritforged,SFD,Uncommon,Standard,Standard,false,3,English,,,,,
SFD-134,Cull,Spiritforged,SFD,Uncommon,Standard,Standard,false,1,English,,,,,
SFD-136,Hard Bargain,Spiritforged,SFD,Uncommon,Standard,Standard,false,5,English,,,,,
SFD-137,Harpoon Squad,Spiritforged,SFD,Uncommon,Standard,Standard,false,3,English,,,,,
SFD-151,Bonds of Strength,Spiritforged,SFD,Common,Standard,Standard,false,2,English,,,,,
SFD-153,Eye of the Herald,Spiritforged,SFD,Common,Standard,Standard,false,1,English,,,,,
SFD-155,Honest Broker,Spiritforged,SFD,Common,Standard,Standard,false,3,English,,,,,
SFD-156,Laurent Duelist,Spiritforged,SFD,Common,Standard,Standard,false,1,English,,,,,
SFD-157,Royal Guard,Spiritforged,SFD,Common,Standard,Standard,false,1,English,,,,,
SFD-158,Sandshifter,Spiritforged,SFD,Common,Standard,Standard,false,2,English,,,,,
SFD-159,Trusty Ramhound,Spiritforged,SFD,Common,Standard,Standard,true,1,English,,,,,
SFD-160,Zaun Punk,Spiritforged,SFD,Common,Standard,Standard,false,1,English,,,,,
SFD-163,Deathgrip,Spiritforged,SFD,Uncommon,Standard,Standard,false,2,English,,,,,
SFD-164,Drag Under,Spiritforged,SFD,Uncommon,Standard,Standard,false,2,English,,,,,
SFD-165,Glasc Mixologist,Spiritforged,SFD,Uncommon,Standard,Standard,false,3,English,,,,,
SFD-166,Rally the Troops,Spiritforged,SFD,Uncommon,Standard,Standard,false,2,English,,,,,
SFD-167,Unsung Hero,Spiritforged,SFD,Uncommon,Standard,Standard,false,1,English,,,,,
SFD-168,Vanguard Armory,Spiritforged,SFD,Uncommon,Standard,Standard,false,2,English,,,,,
SFD-209,Forgotten Monument,Spiritforged,SFD,Uncommon,Standard,Standard,false,1,English,,,,,
SFD-211,Marai Spire,Spiritforged,SFD,Uncommon,Standard,Standard,false,1,English,,,,,
SFD-212,Minefield,Spiritforged,SFD,Uncommon,Standard,Standard,false,2,English,,,,,
SFD-215,Ravenbloom Conservatory,Spiritforged,SFD,Uncommon,Standard,Standard,false,1,English,,,,,
SFD-217,Seat of Power,Spiritforged,SFD,Uncommon,Standard,Standard,true,1,English,,,,,
SFD-218,Sunken Temple,Spiritforged,SFD,Uncommon,Standard,Standard,false,1,English,,,,,
SFD-220,Treasure Hoard,Spiritforged,SFD,Uncommon,Standard,Standard,false,3,English,,,,,
UNL-016,Scorchclaw,Unleashed,UNL,Uncommon,Standard,Standard,false,1,English,,,,,
UNL-017,Square Up,Unleashed,UNL,Uncommon,Standard,Standard,false,1,English,,,,,
UNL-018,Yeti Brawler,Unleashed,UNL,Uncommon,Standard,Standard,false,2,English,,,,,
UNL-042,Back Off,Unleashed,UNL,Uncommon,Standard,Standard,true,2,English,,,,,
UNL-045,Forgotten Signpost,Unleashed,UNL,Uncommon,Standard,Standard,false,1,English,,,,,
UNL-046,Friendship,Unleashed,UNL,Uncommon,Standard,Standard,false,2,English,,,,,
UNL-048,Trevor Snoozebottom,Unleashed,UNL,Uncommon,Standard,Standard,false,3,English,,,,,
UNL-071,Chakram Dancer,Unleashed,UNL,Uncommon,Standard,Standard,false,1,English,,,,,
UNL-072,Crescent Strike,Unleashed,UNL,Uncommon,Standard,Standard,true,1,English,,,,,
UNL-074,Frigid Jewel,Unleashed,UNL,Uncommon,Standard,Standard,false,5,English,,,,,
UNL-076,Petal Pixie,Unleashed,UNL,Uncommon,Standard,Standard,false,2,English,,,,,
UNL-077,Soul Shepherd,Unleashed,UNL,Uncommon,Standard,Standard,false,2,English,,,,,
UNL-101,Call to Battle,Unleashed,UNL,Uncommon,Standard,Standard,false,1,English,,,,,
UNL-102,Crowd Favorite,Unleashed,UNL,Uncommon,Standard,Standard,false,1,English,,,,,
UNL-103,Disposal Order,Unleashed,UNL,Uncommon,Standard,Standard,true,1,English,,,,,
UNL-106,Repulse,Unleashed,UNL,Uncommon,Standard,Standard,false,1,English,,,,,
UNL-107,Stare Down,Unleashed,UNL,Uncommon,Standard,Standard,false,1,English,,,,,
UNL-108,Wily Newtfish,Unleashed,UNL,Uncommon,Standard,Standard,false,2,English,,,,,
UNL-131,Abandon,Unleashed,UNL,Uncommon,Standard,Standard,true,1,English,,,,,
UNL-136,Scryer's Bloom,Unleashed,UNL,Uncommon,Standard,Standard,false,1,English,,,,,
UNL-137,Sinister Poro,Unleashed,UNL,Uncommon,Standard,Standard,false,1,English,,,,,
UNL-138,The List,Unleashed,UNL,Uncommon,Standard,,false,1,English,,,,,
UNL-162,Enthralling Protector,Unleashed,UNL,Uncommon,Standard,Standard,false,3,English,,,,,
UNL-164,Safety Inspector,Unleashed,UNL,Uncommon,Standard,Standard,false,4,English,,,,,
UNL-166,Stalking Wolf,Unleashed,UNL,Uncommon,Standard,Standard,false,1,English,,,,,
UNL-167,Starhound,Unleashed,UNL,Uncommon,Standard,Standard,false,1,English,,,,,
UNL-205,Abandoned Hall,Unleashed,UNL,Uncommon,Standard,Standard,false,2,English,,,,,
UNL-209,Dusk Rose Lab,Unleashed,UNL,Uncommon,Standard,Standard,false,1,English,,,,,
UNL-210,Forbidding Waste,Unleashed,UNL,Uncommon,Standard,Standard,false,2,English,,,,,
UNL-214,Ripper's Bay,Unleashed,UNL,Uncommon,Standard,Standard,false,1,English,,,,,
UNL-216,The Academy,Unleashed,UNL,Uncommon,Standard,Standard,false,1,English,,,,,
VEN-011,Pendulum Blade,Vendetta,VEN,Uncommon,Standard,Standard,false,1,English,,,,,
VEN-014,Shadow Fiend,Vendetta,VEN,Uncommon,Standard,Standard,true,1,English,,,,,
VEN-032,Frostcoat Mother,Vendetta,VEN,Uncommon,Standard,Standard,false,2,English,,,,,
VEN-034,Resonating Strike,Vendetta,VEN,Uncommon,Standard,Standard,false,2,English,,,,,
VEN-037,Tomb-Raider Barbara,Vendetta,VEN,Uncommon,Standard,Standard,false,1,English,,,,,
VEN-055,Applied Researchers,Vendetta,VEN,Uncommon,Standard,Standard,false,1,English,,,,,
VEN-057,Covert Informant,Vendetta,VEN,Uncommon,Standard,Standard,false,2,English,,,,,
VEN-078,Baccai Witherclaw,Vendetta,VEN,Uncommon,Standard,Standard,false,2,English,,,,,
VEN-079,Dame the Despoiler,Vendetta,VEN,Uncommon,Standard,,false,1,English,,,,,
VEN-080,Noxian Demolitionist,Vendetta,VEN,Uncommon,Standard,Standard,false,2,English,,,,,
VEN-082,Profiteer,Vendetta,VEN,Uncommon,Standard,Standard,false,1,English,,,,,
VEN-101,Gust Monk,Vendetta,VEN,Uncommon,Standard,Standard,false,1,English,,,,,
VEN-103,Shadows of the Past,Vendetta,VEN,Uncommon,Standard,Standard,false,3,English,,,,,
VEN-104,Tail-Cloaked Matriarch,Vendetta,VEN,Uncommon,Standard,Standard,false,2,English,,,,,
VEN-105,Twilight Step,Vendetta,VEN,Uncommon,Standard,Standard,true,3,English,,,,,
VEN-106,Wind and Ghosts,Vendetta,VEN,Uncommon,Standard,Standard,false,1,English,,,,,
VEN-124,Escaped Grayback,Vendetta,VEN,Uncommon,Standard,Standard,false,3,English,,,,,
VEN-126,Ki Barrier,Vendetta,VEN,Uncommon,Standard,Standard,false,2,English,,,,,
VEN-127,Lacerate,Vendetta,VEN,Uncommon,Standard,Standard,false,4,English,,,,,
VEN-159,Kinkou Temple,Vendetta,VEN,Uncommon,Standard,Standard,false,3,English,,,,,
VEN-162,Protective Sands,Vendetta,VEN,Uncommon,Standard,,false,1,English,,,,,
VEN-163,Risen Altar,Vendetta,VEN,Uncommon,Standard,Standard,true,1,English,,,,,
VEN-164,Sandswept Tomb,Vendetta,VEN,Uncommon,Standard,Standard,true,2,English,,,,,
VEN-165,Shadow Temple,Vendetta,VEN,Uncommon,Standard,Standard,false,1,English,,,,,
VEN-166,Threshold of the Gray,Vendetta,VEN,Uncommon,Standard,Standard,false,1,English,,,,,