CardId,Normal,Foil,Name,Set
"OGN-001",6,1,"Blazing Scorcher","Origins"
"OGN-002",6,0,"Brazen Buccaneer","Origins"
"OGN-003",10,2,"Chemtech Enforcer","Origins"
"OGN-004",6,0,"Cleave","Origins"
"OGN-005",5,0,"Disintegrate","Origins"
"OGN-006",9,0,"Flame Chompers","Origins"
"OGN-008",5,1,"Get Excited!","Origins"
"OGN-009",3,0,"Hextech Ray","Origins"
"OGN-010",7,1,"Legion Rearguard","Origins"
"OGN-011",6,0,"Magma Wurm","Origins"
"OGN-012",6,0,"Noxus Hopeful","Origins"
"OGN-013",5,0,"Pouty Poro","Origins"
"OGN-014",4,1,"Sky Splitter","Origins"
"OGN-015",2,0,"Captain Farron","Origins"
"OGN-016",4,0,"Dangerous Duo","Origins"
"OGN-017",3,0,"Iron Ballista","Origins"
"OGN-018",3,0,"Noxus Saboteur","Origins"
"OGN-019",5,0,"Raging Soul","Origins"
"OGN-021",3,1,"Sun Disc","Origins"
"OGN-022",3,1,"Thermo Beam","Origins"
"OGN-023",3,0,"Unlicensed Armory","Origins"
"OGN-024",2,1,"Void Seeker","Origins"
"OGN-026",0,1,"Brynhir Thundersong","Origins"
"OGN-027a",0,1,"Darius - Trifarian","Origins"
"OGN-028",0,1,"Draven - Showboat","Origins"
"OGN-030",0,1,"Jinx - Demolitionist","Origins"
"OGN-031",0,2,"Raging Firebrand","Origins"
"OGN-032",0,4,"Ravenborn Tome","Origins"
"OGN-034",0,1,"Tryndamere - Barbarian","Origins"
"OGN-036",0,1,"Vi - Destructive","Origins"
"OGN-043",8,1,"Charm","Origins"
"OGN-044",6,0,"Clockwork Keeper","Origins"
"OGN-045",6,0,"Defy","Origins"
"OGN-046",10,1,"En Garde","Origins"
"OGN-047",8,1,"Find Your Center","Origins"
"OGN-048",7,0,"Meditation","Origins"
"OGN-049",3,0,"Playful Phantom","Origins"
"OGN-050",4,0,"Rune Prison","Origins"
"OGN-051",2,2,"Solari Shieldbearer","Origins"
"OGN-052",13,0,"Stalwart Poro","Origins"
"OGN-053",5,0,"Stand United","Origins"
"OGN-054",5,0,"Sunlit Guardian","Origins"
"OGN-055",8,0,"Wielder of Water","Origins"
"OGN-056",4,0,"Adaptatron","Origins"
"OGN-057",3,1,"Block","Origins"
"OGN-058",9,0,"Discipline","Origins"
"OGN-059",2,0,"Eclipse Herald","Origins"
"OGN-060",3,0,"Mask of Foresight","Origins"
"OGN-062",2,0,"Reinforce","Origins"
"OGN-063",2,0,"Spirit's Refuge","Origins"
"OGN-064",4,0,"Wind Wall","Origins"
"OGN-065",5,1,"Wizened Elder","Origins"
"OGN-066",0,1,"Ahri - Alluring","Origins"
"OGN-067",0,2,"Blitzcrank - Impassive","Origins"
"OGN-068",0,1,"Caitlyn - Patrolling","Origins"
"OGN-069",0,1,"Last Stand","Origins"
"OGN-070",0,2,"Mageseeker Warden","Origins"
"OGN-072",0,3,"Solari Shrine","Origins"
"OGN-075",0,3,"Tasty Faefolk","Origins"
"OGN-076",0,2,"Yasuo - Remorseful","Origins"
"OGN-076a",0,1,"Yasuo - Remorseful","Origins"
"OGN-077",0,3,"Zhonya's Hourglass","Origins"
"OGN-078",0,1,"Lee Sin - Ascetic","Origins"
"OGN-083",6,1,"Consult the Past","Origins"
"OGN-084",9,0,"Eager Apprentice","Origins"
"OGN-085",5,1,"Falling Comet","Origins"
"OGN-086",5,0,"Jeweled Colossus","Origins"
"OGN-087",8,0,"Lecturing Yordle","Origins"
"OGN-088",5,0,"Mega-Mech","Origins"
"OGN-090",10,0,"Orb of Regret","Origins"
"OGN-091",3,0,"Pit Crew","Origins"
"OGN-092",5,1,"Riptide Rex","Origins"
"OGN-093",7,0,"Smoke Screen","Origins"
"OGN-094",6,0,"Sprite Call","Origins"
"OGN-095",10,0,"Stupefy","Origins"
"OGN-096",7,0,"Watchful Sentry","Origins"
"OGN-097",2,0,"Blastcone Fae","Origins"
"OGN-098",1,0,"Energy Conduit","Origins"
"OGN-099",2,1,"Garbage Grabber","Origins"
"OGN-100",3,0,"Gemcraft Seer","Origins"
"OGN-101",2,0,"Mushroom Pouch","Origins"
"OGN-102",1,0,"Portal Rescue","Origins"
"OGN-103",11,0,"Ravenbloom Student","Origins"
"OGN-104",4,0,"Retreat","Origins"
"OGN-105",7,0,"Singularity","Origins"
"OGN-106",6,1,"Sprite Mother","Origins"
"OGN-107",0,1,"Ava Achiever","Origins"
"OGN-108",0,2,"Convergent Mutation","Origins"
"OGN-109",0,4,"Dr. Mundo - Expert","Origins"
"OGN-111",0,2,"Heimerdinger - Inventor","Origins"
"OGN-112",0,2,"Kai'Sa - Evolutionary","Origins"
"OGN-113",0,1,"Malzahar - Fanatic","Origins"
"OGN-114",0,1,"Progress Day","Origins"
"OGN-115",0,1,"Promising Future","Origins"
"OGN-116",0,3,"Thousand-Tailed Watcher","Origins"
"OGN-117",0,1,"Viktor - Innovator","Origins"
"OGN-118",0,3,"Wraith of Echoes","Origins"
"OGN-120",0,1,"Seal of Insight","Origins"
"OGN-124",3,1,"Arena Bar","Origins"
"OGN-125",5,0,"Bilgewater Bully","Origins"
"OGN-127",7,1,"Cannon Barrage","Origins"
"OGN-128",6,0,"Challenge","Origins"
"OGN-129",9,0,"Confront","Origins"
"OGN-130",5,0,"Crackshot Corsair","Origins"
"OGN-131",4,0,"Dune Drake","Origins"
"OGN-132",11,0,"First Mate","Origins"
"OGN-133",3,1,"Flurry of Blades","Origins"
"OGN-134",7,0,"Mobilize","Origins"
"OGN-135",7,0,"Pakaa Cub","Origins"
"OGN-136",10,1,"Pit Rookie","Origins"
"OGN-137",5,0,"Stormclaw Ursine","Origins"
"OGN-138",1,2,"Catalyst of Aeons","Origins"
"OGN-139",3,0,"Cithria of Cloudfield","Origins"
"OGN-140",1,0,"Herald of Scales","Origins"
"OGN-141",2,2,"Kinkou Monk","Origins"
"OGN-143",1,0,"Pirate's Haven","Origins"
"OGN-144",2,0,"Spoils of War","Origins"
"OGN-145",2,0,"Unyielding Spirit","Origins"
"OGN-146",3,0,"Wallop","Origins"
"OGN-147",6,1,"Wildclaw Shaman","Origins"
"OGN-149",0,1,"Carnivorous Snapvine","Origins"
"OGN-150",0,2,"Kraken Hunter","Origins"
"OGN-151b",0,1,"Lee Sin - Centered (Unleashed Nexus Night Promo)","Origins"
"OGN-152",0,3,"Mistfall","Origins"
"OGN-153",0,1,"Overt Operation","Origins"
"OGN-154",0,1,"Primal Strength","Origins"
"OGN-157",0,3,"Udyr - Wildman","Origins"
"OGN-158",0,1,"Volibear - Imposing","Origins"
"OGN-158a",0,1,"Volibear - Imposing","Origins"
"OGN-159",0,1,"Warwick - Hunter","Origins"
"OGN-162a",0,1,"Miss Fortune - Captain","Origins"
"OGN-163",0,1,"Seal of Strength","Origins"
"OGN-165",9,2,"Cemetery Attendant","Origins"
"OGN-167",4,0,"Ember Monk","Origins"
"OGN-168",9,0,"Fight or Flight","Origins"
"OGN-169",9,0,"Gust","Origins"
"OGN-170",7,0,"Morbid Return","Origins"
"OGN-171",5,1,"Mystic Poro","Origins"
"OGN-172",3,0,"Rebuke","Origins"
"OGN-173",3,0,"Ride the Wind","Origins"
"OGN-174",5,1,"Sai Scout","Origins"
"OGN-175",7,0,"Shipyard Skulker","Origins"
"OGN-176",2,1,"Sneaky Deckhand","Origins"
"OGN-177",5,0,"Stealthy Pursuer","Origins"
"OGN-178",4,0,"Undercover Agent","Origins"
"OGN-179",2,0,"Acceptable Losses","Origins"
"OGN-180",4,0,"Fading Memories","Origins"
"OGN-181",2,0,"Pack of Wonders","Origins"
"OGN-182",6,0,"Scrapheap","Origins"
"OGN-183",3,0,"Stacked Deck","Origins"
"OGN-184",2,0,"The Syren","Origins"
"OGN-185",7,0,"Traveling Merchant","Origins"
"OGN-186",3,0,"Treasure Trove","Origins"
"OGN-187",4,1,"Whirlwind","Origins"
"OGN-188",2,1,"Zaunite Bouncer","Origins"
"OGN-190",0,1,"Kog'Maw - Caustic","Origins"
"OGN-191",0,1,"Maddened Marauder","Origins"
"OGN-192",0,2,"Mindsplitter","Origins"
"OGN-193",0,2,"Miss Fortune - Buccaneer","Origins"
"OGN-194",0,1,"Nocturne - Horrifying","Origins"
"OGN-195",0,3,"Rhasa the Sunderer","Origins"
"OGN-196",0,1,"Soulgorger","Origins"
"OGN-197a",0,1,"Teemo - Scout","Origins"
"OGN-198",0,2,"The Harrowing","Origins"
"OGN-199",0,4,"Tideturner","Origins"
"OGN-200",0,4,"Twisted Fate - Gambler","Origins"
"OGN-206",7,2,"Back to Back","Origins"
"OGN-207",3,0,"Call to Glory","Origins"
"OGN-208",7,0,"Cruel Patron","Origins"
"OGN-209",7,0,"Cull the Weak","Origins"
"OGN-210",9,0,"Daring Poro","Origins"
"OGN-211",7,0,"Faithful Manufactor","Origins"
"OGN-212",6,1,"Forge of the Future","Origins"
"OGN-213",5,0,"Hidden Blade","Origins"
"OGN-215",3,0,"Petty Officer","Origins"
"OGN-216",11,0,"Soaring Scout","Origins"
"OGN-217",9,1,"Trifarian Gloryseeker","Origins"
"OGN-218",6,1,"Vanguard Captain","Origins"
"OGN-219",5,0,"Vanguard Sergeant","Origins"
"OGN-220",4,1,"Facebreaker","Origins"
"OGN-221",3,0,"Imperial Decree","Origins"
"OGN-222",6,0,"Noxian Drummer","Origins"
"OGN-223",3,0,"Peak Guardian","Origins"
"OGN-224",3,1,"Salvage","Origins"
"OGN-226",3,0,"Spectral Matron","Origins"
"OGN-227",2,0,"Symbol of the Solari","Origins"
"OGN-228",2,0,"Vanguard Helm","Origins"
"OGN-229",3,0,"Vengeance","Origins"
"OGN-230",0,2,"Albus Ferros","Origins"
"OGN-231",0,1,"Commander Ledros","Origins"
"OGN-233",0,3,"Grand Strategem","Origins"
"OGN-235",0,3,"Karma - Channeler","Origins"
"OGN-236",0,1,"Karthus - Eternal","Origins"
"OGN-237",0,1,"King's Edict","Origins"
"OGN-238",0,1,"Leona - Determined","Origins"
"OGN-238a",0,2,"Leona - Determined","Origins"
"OGN-240",0,1,"Sett - Kingpin","Origins"
"OGN-241",0,3,"Shen - Kinkou","Origins"
"OGN-245",0,3,"Seal of Unity","Origins"
"OGN-246a",0,1,"Viktor - Leader","Origins"
"OGN-249",0,1,"Volibear - Relentless Storm","Origins"
"OGN-251",0,2,"Jinx - Loose Cannon","Origins"
"OGN-253",0,1,"Darius - Hand of Noxus","Origins"
"OGN-255",0,1,"Ahri - Nine-Tailed Fox","Origins"
"OGN-256",0,1,"Fox-Fire","Origins"
"OGN-257",0,1,"Lee Sin - Blind Monk","Origins"
"OGN-259",0,2,"Yasuo - Unforgiven","Origins"
"OGN-261",0,2,"Leona - Radiant Dawn","Origins"
"OGN-262",0,1,"Zenith Blade","Origins"
"OGN-265",0,2,"Viktor - Herald of the Arcane","Origins"
"OGN-267",0,1,"Miss Fortune - Bounty Hunter","Origins"
"OGN-269",0,2,"Sett - The Boss","Origins"
"OGN-275",1,0,"Altar to Unity","Origins"
"OGN-276",1,0,"Aspirant's Climb","Origins"
"OGN-277",1,0,"Back-Alley Bar","Origins"
"OGN-278",1,0,"Bandle Tree","Origins"
"OGN-279",1,0,"Fortified Position","Origins"
"OGN-280",2,0,"Grove of the God-Willow","Origins"
"OGN-281",2,0,"Hallowed Tomb","Origins"
"OGN-282",3,0,"Monastery of Hirana","Origins"
"OGN-283",1,0,"Navori Fighting Pit","Origins"
"OGN-284",1,0,"Obelisk of Power","Origins"
"OGN-285",2,0,"Reaver's Row","Origins"
"OGN-287",2,0,"Sigil of the Storm","Origins"
"OGN-288",1,0,"Startipped Peak","Origins"
"OGN-289",3,0,"Targon's Peak","Origins"
"OGN-290",2,0,"The Arena's Greatest","Origins"
"OGN-291",2,0,"The Candlelit Sanctum","Origins"
"OGN-292",1,0,"The Dreaming Tree","Origins"
"OGN-293",3,0,"The Grand Plaza","Origins"
"OGN-294",3,0,"Trifarian War Camp","Origins"
"OGN-295",2,0,"Vilemaw's Lair","Origins"
"OGN-296",1,0,"Void Gate","Origins"
"OGN-298",2,0,"Zaun Warrens","Origins"
"OGS-010-P",0,1,"Annie - Stubborn (Spiritforged Nexus Night Promo)","Proving Grounds"
"SFD-002",1,0,"Armed Assailant","Spiritforged"
"SFD-003",1,0,"Blood Rush","Spiritforged"
"SFD-004",2,0,"Bushwhack","Spiritforged"
"SFD-005",1,0,"Detonate","Spiritforged"
"SFD-007",1,0,"Gem Jammer","Spiritforged"
"SFD-008",1,0,"Sentinel Adept","Spiritforged"
"SFD-009",1,1,"Serrated Dirk","Spiritforged"
"SFD-009-P",0,1,"Serrated Dirk (Spiritforged Nexus Night Promo)","Spiritforged"
"SFD-010",1,0,"Void Drone","Spiritforged"
"SFD-013",1,0,"Blast Corps Cadet","Spiritforged"
"SFD-014",2,0,"Minotaur Reckoner","Spiritforged"
"SFD-015",0,1,"Perched Grimwyrm","Spiritforged"
"SFD-016",1,0,"Recurve Bow","Spiritforged"
"SFD-017",1,0,"Sudden Storm","Spiritforged"
"SFD-018",1,0,"Void Hatchling","Spiritforged"
"SFD-021",0,1,"Ferrous Forerunner","Spiritforged"
"SFD-022",0,1,"Long Sword","Spiritforged"
"SFD-031",2,0,"Desert's Call","Spiritforged"
"SFD-032",0,1,"Disarming Rake","Spiritforged"
"SFD-033-P",0,2,"Doran's Shield (Spiritforged Nexus Night Promo)","Spiritforged"
"SFD-034",3,0,"Feral Strength","Spiritforged"
"SFD-035",1,0,"Guardian of the Passage","Spiritforged"
"SFD-036",3,0,"Lonely Poro","Spiritforged"
"SFD-038",3,0,"Ribbon Dancer","Spiritforged"
"SFD-039",2,0,"Royal Entourage","Spiritforged"
"SFD-040",1,0,"Thwonk!","Spiritforged"
"SFD-041",1,0,"Apprentice Smith","Spiritforged"
"SFD-042",1,0,"Brutalizer","Spiritforged"
"SFD-043",3,0,"Emperor's Divide","Spiritforged"
"SFD-045",5,0,"Not So Fast","Spiritforged"
"SFD-046",1,0,"Poro Snax","Spiritforged"
"SFD-047",1,0,"Simian Ancestor","Spiritforged"
"SFD-048",4,0,"Stellacorn Herder","Spiritforged"
"SFD-051",0,3,"Guardian Angel","Spiritforged"
"SFD-052",0,3,"Heart of Dark Ice","Spiritforged"
"SFD-053",0,3,"Janna - Savior","Spiritforged"
"SFD-055",0,1,"Needlessly Large Yordle","Spiritforged"
"SFD-056",0,3,"Sterak's Gage","Spiritforged"
"SFD-057",0,1,"Irelia - Fervent","Spiritforged"
"SFD-062",2,0,"Bubble Bot","Spiritforged"
"SFD-063",1,0,"Chemtech Cask","Spiritforged"
"SFD-064",1,0,"Cloth Armor","Spiritforged"
"SFD-065",2,0,"Forecaster","Spiritforged"
"SFD-066",1,0,"Frigid Touch","Spiritforged"
"SFD-067",1,0,"Frostcoat Cub","Spiritforged"
"SFD-068",1,0,"Gearhead","Spiritforged"
"SFD-069",2,0,"Plundering Poro","Spiritforged"
"SFD-070",3,0,"Wages of Pain","Spiritforged"
"SFD-074",4,0,"Pickpocket","Spiritforged"
"SFD-076",1,0,"Production Surge","Spiritforged"
"SFD-077",2,0,"Rocket Barrage","Spiritforged"
"SFD-080",0,1,"Bellows Breath","Spiritforged"
"SFD-081",0,1,"Card Sharp","Spiritforged"
"SFD-084",0,1,"Jayce - Man of Progress","Spiritforged"
"SFD-085",0,2,"Ornn - Forge God","Spiritforged"
"SFD-091",2,0,"Buhru Captain","Spiritforged"
"SFD-092",1,0,"Combat Chef","Spiritforged"
"SFD-093",1,0,"Dauntless Vanguard","Spiritforged"
"SFD-095",3,0,"Doran's Blade","Spiritforged"
"SFD-098",1,0,"Sea Monkey","Spiritforged"
"SFD-099",1,0,"Veteran Poro","Spiritforged"
"SFD-100",1,0,"Yordle Explorer","Spiritforged"
"SFD-101",1,0,"Fae Dragon","Spiritforged"
"SFD-102",0,1,"Hexdrinker","Spiritforged"
"SFD-103",1,0,"Jaull-Fish","Spiritforged"
"SFD-105",1,0,"Ruin Runner","Spiritforged"
"SFD-106",1,1,"Show of Strength","Spiritforged"
"SFD-107",1,0,"Strike Down","Spiritforged"
"SFD-108",1,0,"Warmog's Armor","Spiritforged"
"SFD-110",0,1,"Fiora - Peerless","Spiritforged"
"SFD-112",0,1,"Kato the Arm","Spiritforged"
"SFD-116",0,3,"Yone - Blademaster","Spiritforged"
"SFD-116-P",0,1,"Yone - Blademaster (Pre-Rift Promo)","Spiritforged"
"SFD-122",3,0,"Called Shot","Spiritforged"
"SFD-123",2,0,"Corrupt Enforcer","Spiritforged"
"SFD-124",1,1,"Doran's Ring","Spiritforged"
"SFD-124-P",0,1,"Doran's Ring (Spiritforged Nexus Night Promo)","Spiritforged"
"SFD-125",1,0,"Fae Porter","Spiritforged"
"SFD-127",4,0,"Master Bingwen","Spiritforged"
"SFD-128",1,0,"Overzealous Fan","Spiritforged"
"SFD-129",1,0,"Temptation","Spiritforged"
"SFD-130",3,0,"Treasure Hunter","Spiritforged"
"SFD-132",1,0,"Beast Below","Spiritforged"
"SFD-133",3,0,"Boots of Swiftness","Spiritforged"
"SFD-134",1,0,"Cull","Spiritforged"
"SFD-136",5,0,"Hard Bargain","Spiritforged"
"SFD-137",3,0,"Harpoon Squad","Spiritforged"
"SFD-140",0,2,"Fizz - Trickster","Spiritforged"
"SFD-141",0,2,"Irelia - Graceful","Spiritforged"
"SFD-143",0,1,"Sivir - Mercenary","Spiritforged"
"SFD-144",0,2,"Spirit Wheel","Spiritforged"
"SFD-145",0,1,"Switcheroo","Spiritforged"
"SFD-146",0,2,"Vex - Cheerless","Spiritforged"
"SFD-148",0,1,"Draven - Audacious","Spiritforged"
"SFD-148A",0,1,"Draven - Audacious","Spiritforged"
"SFD-151",2,0,"Bonds of Strength","Spiritforged"
"SFD-153",1,0,"Eye of the Herald","Spiritforged"
"SFD-155",3,0,"Honest Broker","Spiritforged"
"SFD-156",1,0,"Laurent Duelist","Spiritforged"
"SFD-157",1,0,"Royal Guard","Spiritforged"
"SFD-158",2,0,"Sandshifter","Spiritforged"
"SFD-159",1,1,"Trusty Ramhound","Spiritforged"
"SFD-160",1,0,"Zaun Punk","Spiritforged"
"SFD-163",2,0,"Deathgrip","Spiritforged"
"SFD-164",2,0,"Drag Under","Spiritforged"
"SFD-165",3,0,"Glasc Mixologist","Spiritforged"
"SFD-166",2,0,"Rally the Troops","Spiritforged"
"SFD-167",1,0,"Unsung Hero","Spiritforged"
"SFD-168",2,0,"Vanguard Armory","Spiritforged"
"SFD-170",0,1,"Rek'Sai - Swarm Queen","Spiritforged"
"SFD-171",0,2,"Renata Glasc - Industrialist","Spiritforged"
"SFD-172",0,1,"Sacred Shears","Spiritforged"
"SFD-173",0,1,"Soraka - Wanderer","Spiritforged"
"SFD-175",0,1,"Undertitan","Spiritforged"
"SFD-176",0,3,"Xin Zhao - Vigilant","Spiritforged"
"SFD-180",0,1,"Fiora - Worthy","Spiritforged"
"SFD-182",0,1,"Danger Zone","Spiritforged"
"SFD-183",0,1,"Lucian - Purifier","Spiritforged"
"SFD-184",0,1,"Relentless Pursuit","Spiritforged"
"SFD-187",0,1,"Rek'Sai - Void Burrower","Spiritforged"
"SFD-192",0,1,"Shurelya's Requiem","Spiritforged"
"SFD-193",0,1,"Jax - Grandmaster at Arms","Spiritforged"
"SFD-195",0,1,"Irelia - Blade Dancer","Spiritforged"
"SFD-196",0,3,"Defiant Dance","Spiritforged"
"SFD-197",0,1,"Azir - Emperor of the Sands","Spiritforged"
"SFD-199",0,1,"Ezreal - Prodigal Explorer","Spiritforged"
"SFD-202",0,1,"Hostile Takeover","Spiritforged"
"SFD-205",0,1,"Fiora - Grand Duelist","Spiritforged"
"SFD-209",1,0,"Forgotten Monument","Spiritforged"
"SFD-211",1,0,"Marai Spire","Spiritforged"
"SFD-212",2,0,"Minefield","Spiritforged"
"SFD-215",1,0,"Ravenbloom Conservatory","Spiritforged"
"SFD-217",1,1,"Seat of Power","Spiritforged"
"SFD-218",1,0,"Sunken Temple","Spiritforged"
"SFD-220",3,0,"Treasure Hoard","Spiritforged"
"UNL-016",1,0,"Scorchclaw","Unleashed"
"UNL-017",1,0,"Square Up","Unleashed"
"UNL-018",2,0,"Yeti Brawler","Unleashed"
"UNL-024A",0,1,"Rengar - Unseen","Unleashed"
"UNL-025",0,2,"Undying Legion","Unleashed"
"UNL-026",0,2,"Xerath - Freed","Unleashed"
"UNL-042",2,1,"Back Off","Unleashed"
"UNL-043",0,1,"Enthusiastic Promoter","Unleashed"
"UNL-045",1,0,"Forgotten Signpost","Unleashed"
"UNL-046",2,0,"Friendship","Unleashed"
"UNL-048",3,0,"Trevor Snoozebottom","Unleashed"
"UNL-050",0,1,"Iascylla","Unleashed"
"UNL-055",0,1,"Vex - Mocking","Unleashed"
"UNL-056-P",0,1,"Yuumi - Magical Cat (Unleashed May 2026 Summoner Skirmish Participation Promo)","Unleashed"
"UNL-058-P",0,1,"Lillia - Protector of Dreams (Unleashed June 2026 Summoner Skirmish Top 8 Promo)","Unleashed"
"UNL-071",1,0,"Chakram Dancer","Unleashed"
"UNL-072",1,1,"Crescent Strike","Unleashed"
"UNL-074",5,0,"Frigid Jewel","Unleashed"
"UNL-075-P",0,1,"Gustwalker (Unleashed Nexus Night Promo)","Unleashed"
"UNL-076",2,0,"Petal Pixie","Unleashed"
"UNL-077",2,0,"Soul Shepherd","Unleashed"
"UNL-078",0,1,"Sprite Fountain","Unleashed"
"UNL-079",0,2,"Diana - Lunari","Unleashed"
"UNL-080",0,1,"Hwei - Brooding Painter","Unleashed"
"UNL-081",0,1,"Keeper of Masks","Unleashed"
"UNL-085",0,1,"Sumpworks Map","Unleashed"
"UNL-086-P",0,1,"Zilean - Time Mage (Unleashed June 2026 Summoner Skirmish Participation Promo)","Unleashed"
"UNL-101",1,0,"Call to Battle","Unleashed"
"UNL-102",1,0,"Crowd Favorite","Unleashed"
"UNL-103",1,1,"Disposal Order","Unleashed"
"UNL-106",1,0,"Repulse","Unleashed"
"UNL-107",1,0,"Stare Down","Unleashed"
"UNL-107-P",0,1,"Stare Down (Unleashed Nexus Night Promo)","Unleashed"
"UNL-108",2,0,"Wily Newtfish","Unleashed"
"UNL-110",0,1,"Clash of Giants","Unleashed"
"UNL-113",0,1,"Master Yi - Tempered","Unleashed"
"UNL-115",0,1,"Nilah - Joyful Ascetic","Unleashed"
"UNL-116",0,2,"Poppy - Paragon","Unleashed"
"UNL-119",0,1,"Kha'Zix - Evolving Hunter","Unleashed"
"UNL-119A",0,1,"Kha'Zix - Evolving Hunter","Unleashed"
"UNL-131",1,1,"Abandon","Unleashed"
"UNL-136",1,0,"Scryer's Bloom","Unleashed"
"UNL-137",1,0,"Sinister Poro","Unleashed"
"UNL-137-P",0,1,"Sinister Poro (Unleashed Nexus Night Promo)","Unleashed"
"UNL-138",1,0,"The List","Unleashed"
"UNL-140",0,1,"Conscription","Unleashed"
"UNL-143",0,3,"Kha'Zix - Mutating Horror","Unleashed"
"UNL-143A",0,1,"Kha'Zix - Mutating Horror","Unleashed"
"UNL-144",0,1,"Maduli the Gatekeeper","Unleashed"
"UNL-145",0,1,"Pyke - Returned","Unleashed"
"UNL-150",0,1,"Vex - Apathetic","Unleashed"
"UNL-150A",0,1,"Vex - Apathetic","Unleashed"
"UNL-162",3,0,"Enthralling Protector","Unleashed"
"UNL-164",4,0,"Safety Inspector","Unleashed"
"UNL-166",1,0,"Stalking Wolf","Unleashed"
"UNL-167",1,0,"Starhound","Unleashed"
"UNL-168-P",0,1,"Undying Loyalty (Unleashed Nexus Night Promo)","Unleashed"
"UNL-169",0,1,"Ashe - Focused","Unleashed"
"UNL-173",0,1,"Sacrifice","Unleashed"
"UNL-176",0,3,"Vi - Peacekeeper","Unleashed"
"UNL-183",0,1,"Rengar - Pridestalker","Unleashed"
"UNL-185",0,1,"Pyke - Bloodharbor Ripper","Unleashed"
"UNL-191",0,1,"Master Yi - Wuju Master","Unleashed"
"UNL-193",0,1,"Vex - Gloomist","Unleashed"
"UNL-195",0,1,"Ivern - Green Father","Unleashed"
"UNL-197",0,1,"Diana - Scorn of the Moon","Unleashed"
"UNL-198",0,3,"Moonfall","Unleashed"
"UNL-199",0,1,"LeBlanc - Deceiver","Unleashed"
"UNL-201",0,2,"Kha'Zix - Voidreaver","Unleashed"
"UNL-205",2,0,"Abandoned Hall","Unleashed"
"UNL-209",1,0,"Dusk Rose Lab","Unleashed"
"UNL-210",2,0,"Forbidding Waste","Unleashed"
"UNL-214",1,0,"Ripper's Bay","Unleashed"
"UNL-216",1,0,"The Academy","Unleashed"
"VEN-010",0,1,"Consuming Curse","Vendetta"
"VEN-011",1,0,"Pendulum Blade","Vendetta"
"VEN-014",1,1,"Shadow Fiend","Vendetta"
"VEN-016",0,1,"Eclipse Dragon","Vendetta"
"VEN-017",0,3,"Morgana - Vindictive","Vendetta"
"VEN-022",0,1,"Endless Riches","Vendetta"
"VEN-032",2,0,"Frostcoat Mother","Vendetta"
"VEN-033",0,1,"Pakaa Protector","Vendetta"
"VEN-034",2,0,"Resonating Strike","Vendetta"
"VEN-037",1,0,"Tomb-Raider Barbara","Vendetta"
"VEN-039",0,1,"Crumbling Sands","Vendetta"
"VEN-040",0,1,"Decree of Focus","Vendetta"
"VEN-041",0,2,"Riven - Shattered","Vendetta"
"VEN-042",0,1,"Shen - Scourge of Shadows","Vendetta"
"VEN-043",0,1,"Steel Paws","Vendetta"
"VEN-045",0,1,"Helm of Suppression","Vendetta"
"VEN-055",1,0,"Applied Researchers","Vendetta"
"VEN-057",2,0,"Covert Informant","Vendetta"
"VEN-058",0,1,"Patched Porobot","Vendetta"
"VEN-061",0,1,"Decree of Insight","Vendetta"
"VEN-062",0,1,"Hextech Formula","Vendetta"
"VEN-063",0,1,"Nasus - Guardian of Knowledge","Vendetta"
"VEN-064",0,1,"Plaza Guardian","Vendetta"
"VEN-066",0,1,"Temporal Breach","Vendetta"
"VEN-068",0,1,"Jayce - Brilliant Inventor","Vendetta"
"VEN-078",2,0,"Baccai Witherclaw","Vendetta"
"VEN-079",1,0,"Dame the Despoiler","Vendetta"
"VEN-080",2,0,"Noxian Demolitionist","Vendetta"
"VEN-082",1,0,"Profiteer","Vendetta"
"VEN-084",0,1,"Ambessa - The Wolf","Vendetta"
"VEN-085",0,1,"Decree of Strength","Vendetta"
"VEN-087",0,1,"Hextech Disc","Vendetta"
"VEN-088A",0,1,"Jayce - Hammer in Hand","Vendetta"
"VEN-089",0,1,"Wild Claw","Vendetta"
"VEN-101",1,0,"Gust Monk","Vendetta"
"VEN-103",3,0,"Shadows of the Past","Vendetta"
"VEN-104",2,0,"Tail-Cloaked Matriarch","Vendetta"
"VEN-105",3,1,"Twilight Step","Vendetta"
"VEN-106",1,0,"Wind and Ghosts","Vendetta"
"VEN-111",0,1,"Minah Swiftfoot","Vendetta"
"VEN-112",0,2,"Zed - Without a Sound","Vendetta"
"VEN-124",3,0,"Escaped Grayback","Vendetta"
"VEN-126",2,0,"Ki Barrier","Vendetta"
"VEN-127",4,0,"Lacerate","Vendetta"
"VEN-132",0,1,"Fallen Feline","Vendetta"
"VEN-133",0,1,"Glowstone","Vendetta"
"VEN-135",0,2,"Kennen - Keeper of Balance","Vendetta"
"VEN-141",0,1,"Renekton - Butcher of the Sands","Vendetta"
"VEN-143",0,1,"Zed - Master of Shadows","Vendetta"
"VEN-145",0,1,"Nasus - Curator of the Sands","Vendetta"
"VEN-148",0,1,"Shadow Dash","Vendetta"
"VEN-149",0,1,"Jayce - Defender of Tomorrow","Vendetta"
"VEN-153",0,1,"Ambessa - Matriarch of War","Vendetta"
"VEN-155",0,2,"Kennen - Heart of the Tempest","Vendetta"
"VEN-159",3,0,"Kinkou Temple","Vendetta"
"VEN-162",1,0,"Protective Sands","Vendetta"
"VEN-163",1,1,"Risen Altar","Vendetta"
"VEN-164",2,1,"Sandswept Tomb","Vendetta"
"VEN-165",1,0,"Shadow Temple","Vendetta"
"VEN-166",1,0,"Threshold of the Gray","Vendetta"
